{
  "model_name": "epochs_7",
  "retrieval_monolingual": {
    "Recall@1": 0.0,
    "Recall@10": 0.038000000000000006,
    "MRR@10": 0.07887797619047618,
    "nDCG@10": 0.03402332841860703,
    "n_queries": 400,
    "confidence_intervals": {
      "Recall@1": {
        "mean": 0.0,
        "CI_95": [
          0.0,
          0.0
        ]
      },
      "Recall@10": {
        "mean": 0.038000000000000006,
        "CI_95": [
          0.032,
          0.04425
        ]
      },
      "MRR@10": {
        "mean": 0.07887797619047618,
        "CI_95": [
          0.06593633432539682,
          0.09136220238095238
        ]
      },
      "nDCG@10": {
        "mean": 0.03402332841860703,
        "CI_95": [
          0.028778797011621463,
          0.03946536261237305
        ]
      }
    }
  },
  "retrieval_cross_en": {
    "Recall@1": 0.0125,
    "Recall@10": 0.04850000000000001,
    "MRR@10": 0.09803472222222222,
    "nDCG@10": 0.04344192904776122,
    "n_queries": 400,
    "confidence_intervals": {
      "Recall@1": {
        "mean": 0.0125,
        "CI_95": [
          0.0025,
          0.025
        ]
      },
      "Recall@10": {
        "mean": 0.04850000000000001,
        "CI_95": [
          0.042,
          0.05525
        ]
      },
      "MRR@10": {
        "mean": 0.09803472222222222,
        "CI_95": [
          0.08214427083333334,
          0.11549781746031747
        ]
      },
      "nDCG@10": {
        "mean": 0.04344192904776122,
        "CI_95": [
          0.03744955485684747,
          0.04993199624278939
        ]
      }
    }
  },
  "sts": {
    "Spearman": 0.7940881104926781,
    "pvalue": 8.573216010804595e-160,
    "n_pairs": 731,
    "by_type": {
      "parallel_translation": {
        "spearman": NaN,
        "pvalue": NaN,
        "n": 500
      },
      "same_sentiment": {
        "spearman": 0.3686737353863582,
        "pvalue": 6.992437610738463e-07,
        "n": 171
      },
      "different_sentiment": {
        "spearman": 0.3491007779333266,
        "pvalue": 0.006260289713466548,
        "n": 60
      }
    },
    "Spearman_CI95": [
      -0.06827958539647269,
      0.06919617841487778
    ]
  },
  "cross_lingual": {
    "min_en": {
      "Accuracy@1": 0.8075,
      "MRR": 0.851617616274906,
      "Recall@5": 0.9125,
      "Recall@10": 0.9325,
      "n_pairs": 400
    },
    "min_id": {
      "Accuracy@1": 0.94,
      "MRR": 0.9530323370616668,
      "Recall@5": 0.9675,
      "Recall@10": 0.9775,
      "n_pairs": 400
    }
  },
  "codeswitch": {
    "avg_cosine_similarity": 0.7018079161643982,
    "Spearman": 0.7649118831727625,
    "pvalue": 1.987518191628101e-20,
    "n_examples": 100
  }
}