{
  "model_name": "temp_0.1",
  "retrieval_monolingual": {
    "Recall@1": 0.0,
    "Recall@10": 0.0395,
    "MRR@10": 0.08363194444444444,
    "nDCG@10": 0.03538712210141465,
    "n_queries": 400,
    "confidence_intervals": {
      "Recall@1": {
        "mean": 0.0,
        "CI_95": [
          0.0,
          0.0
        ]
      },
      "Recall@10": {
        "mean": 0.0395,
        "CI_95": [
          0.034,
          0.045
        ]
      },
      "MRR@10": {
        "mean": 0.08363194444444444,
        "CI_95": [
          0.06877378472222223,
          0.09794655257936508
        ]
      },
      "nDCG@10": {
        "mean": 0.03538712210141465,
        "CI_95": [
          0.030164616114250344,
          0.040575197743587525
        ]
      }
    }
  },
  "retrieval_cross_en": {
    "Recall@1": 0.005,
    "Recall@10": 0.03925,
    "MRR@10": 0.08494543650793653,
    "nDCG@10": 0.035399247881951534,
    "n_queries": 400,
    "confidence_intervals": {
      "Recall@1": {
        "mean": 0.005,
        "CI_95": [
          0.0,
          0.0125
        ]
      },
      "Recall@10": {
        "mean": 0.03925,
        "CI_95": [
          0.0335,
          0.04475
        ]
      },
      "MRR@10": {
        "mean": 0.08494543650793653,
        "CI_95": [
          0.07038306051587302,
          0.10115173611111108
        ]
      },
      "nDCG@10": {
        "mean": 0.035399247881951534,
        "CI_95": [
          0.030132092255530693,
          0.04075590321026855
        ]
      }
    }
  },
  "sts": {
    "Spearman": 0.7990207747142941,
    "pvalue": 3.3637306571404627e-163,
    "n_pairs": 731,
    "by_type": {
      "parallel_translation": {
        "spearman": NaN,
        "pvalue": NaN,
        "n": 500
      },
      "same_sentiment": {
        "spearman": 0.48503088568212094,
        "pvalue": 1.7817345297096352e-11,
        "n": 171
      },
      "different_sentiment": {
        "spearman": 0.35114230295048054,
        "pvalue": 0.005942961533807558,
        "n": 60
      }
    },
    "Spearman_CI95": [
      -0.068201010769376,
      0.07206082190241199
    ]
  },
  "cross_lingual": {
    "min_en": {
      "Accuracy@1": 0.875,
      "MRR": 0.9075021476027717,
      "Recall@5": 0.9525,
      "Recall@10": 0.9625,
      "n_pairs": 400
    },
    "min_id": {
      "Accuracy@1": 0.965,
      "MRR": 0.9744946840776444,
      "Recall@5": 0.9825,
      "Recall@10": 0.9875,
      "n_pairs": 400
    }
  },
  "codeswitch": {
    "avg_cosine_similarity": 0.7835355997085571,
    "Spearman": 0.7552119136397746,
    "pvalue": 1.1138038731933091e-19,
    "n_examples": 100
  }
}