{
  "model_name": "epochs_10",
  "retrieval_monolingual": {
    "Recall@1": 0.0,
    "Recall@10": 0.04,
    "MRR@10": 0.0807361111111111,
    "nDCG@10": 0.03554994516514834,
    "n_queries": 400,
    "confidence_intervals": {
      "Recall@1": {
        "mean": 0.0,
        "CI_95": [
          0.0,
          0.0
        ]
      },
      "Recall@10": {
        "mean": 0.04,
        "CI_95": [
          0.03375,
          0.04650000000000001
        ]
      },
      "MRR@10": {
        "mean": 0.0807361111111111,
        "CI_95": [
          0.06632150297619048,
          0.09408980654761905
        ]
      },
      "nDCG@10": {
        "mean": 0.03554994516514834,
        "CI_95": [
          0.03009906362658925,
          0.04117635973658252
        ]
      }
    }
  },
  "retrieval_cross_en": {
    "Recall@1": 0.015,
    "Recall@10": 0.042,
    "MRR@10": 0.09062996031746032,
    "nDCG@10": 0.03841072623370914,
    "n_queries": 400,
    "confidence_intervals": {
      "Recall@1": {
        "mean": 0.015,
        "CI_95": [
          0.005,
          0.027562499999999945
        ]
      },
      "Recall@10": {
        "mean": 0.042,
        "CI_95": [
          0.035500000000000004,
          0.04825
        ]
      },
      "MRR@10": {
        "mean": 0.09062996031746032,
        "CI_95": [
          0.07444975198412698,
          0.10844999999999999
        ]
      },
      "nDCG@10": {
        "mean": 0.03841072623370914,
        "CI_95": [
          0.03274262250041404,
          0.04468847228114766
        ]
      }
    }
  },
  "sts": {
    "Spearman": 0.7952117342572189,
    "pvalue": 1.463733327305067e-160,
    "n_pairs": 731,
    "by_type": {
      "parallel_translation": {
        "spearman": NaN,
        "pvalue": NaN,
        "n": 500
      },
      "same_sentiment": {
        "spearman": 0.264128218057984,
        "pvalue": 0.00048159122091607424,
        "n": 171
      },
      "different_sentiment": {
        "spearman": 0.36543297807055825,
        "pvalue": 0.0040903540523574465,
        "n": 60
      }
    },
    "Spearman_CI95": [
      -0.06809949541395152,
      0.07026745826172182
    ]
  },
  "cross_lingual": {
    "min_en": {
      "Accuracy@1": 0.7775,
      "MRR": 0.8228350932548096,
      "Recall@5": 0.88,
      "Recall@10": 0.92,
      "n_pairs": 400
    },
    "min_id": {
      "Accuracy@1": 0.9125,
      "MRR": 0.9323551268047638,
      "Recall@5": 0.9575,
      "Recall@10": 0.9625,
      "n_pairs": 400
    }
  },
  "codeswitch": {
    "avg_cosine_similarity": 0.6796871423721313,
    "Spearman": 0.8023260513714301,
    "pvalue": 1.0860589120711407e-23,
    "n_examples": 100
  }
}