{
  "model_name": "epochs_3",
  "retrieval_monolingual": {
    "Recall@1": 0.0,
    "Recall@10": 0.034,
    "MRR@10": 0.07241865079365079,
    "nDCG@10": 0.030435754700119482,
    "n_queries": 400,
    "confidence_intervals": {
      "Recall@1": {
        "mean": 0.0,
        "CI_95": [
          0.0,
          0.0
        ]
      },
      "Recall@10": {
        "mean": 0.034,
        "CI_95": [
          0.02875,
          0.03925
        ]
      },
      "MRR@10": {
        "mean": 0.07241865079365079,
        "CI_95": [
          0.059678273809523806,
          0.08514714781746031
        ]
      },
      "nDCG@10": {
        "mean": 0.030435754700119482,
        "CI_95": [
          0.0255443325132693,
          0.03562996134213207
        ]
      }
    }
  },
  "retrieval_cross_en": {
    "Recall@1": 0.01,
    "Recall@10": 0.0385,
    "MRR@10": 0.0789295634920635,
    "nDCG@10": 0.034187879202304865,
    "n_queries": 400,
    "confidence_intervals": {
      "Recall@1": {
        "mean": 0.01,
        "CI_95": [
          0.0025,
          0.02
        ]
      },
      "Recall@10": {
        "mean": 0.0385,
        "CI_95": [
          0.03225,
          0.044506250000000004
        ]
      },
      "MRR@10": {
        "mean": 0.0789295634920635,
        "CI_95": [
          0.06418581349206348,
          0.09342589285714284
        ]
      },
      "nDCG@10": {
        "mean": 0.034187879202304865,
        "CI_95": [
          0.0286698160796027,
          0.0399437038878564
        ]
      }
    }
  },
  "sts": {
    "Spearman": 0.778787361415854,
    "pvalue": 8.551775843087933e-150,
    "n_pairs": 731,
    "by_type": {
      "parallel_translation": {
        "spearman": NaN,
        "pvalue": NaN,
        "n": 500
      },
      "same_sentiment": {
        "spearman": 0.568466250473035,
        "pvalue": 5.056876516597279e-16,
        "n": 171
      },
      "different_sentiment": {
        "spearman": 0.014290675120077695,
        "pvalue": 0.9137006119147838,
        "n": 60
      }
    },
    "Spearman_CI95": [
      -0.06934926182179739,
      0.07042278892293026
    ]
  },
  "cross_lingual": {
    "min_en": {
      "Accuracy@1": 0.865,
      "MRR": 0.9019210725360663,
      "Recall@5": 0.945,
      "Recall@10": 0.9625,
      "n_pairs": 400
    },
    "min_id": {
      "Accuracy@1": 0.98,
      "MRR": 0.9814650602636291,
      "Recall@5": 0.98,
      "Recall@10": 0.9875,
      "n_pairs": 400
    }
  },
  "codeswitch": {
    "avg_cosine_similarity": 0.7665590047836304,
    "Spearman": 0.8348902348036039,
    "pvalue": 3.7109184594454604e-27,
    "n_examples": 100
  }
}