{
  "model_name": "temp_0.2",
  "retrieval_monolingual": {
    "Recall@1": 0.0,
    "Recall@10": 0.05,
    "MRR@10": 0.09018551587301588,
    "nDCG@10": 0.0427500483406077,
    "n_queries": 400,
    "confidence_intervals": {
      "Recall@1": {
        "mean": 0.0,
        "CI_95": [
          0.0,
          0.0
        ]
      },
      "Recall@10": {
        "mean": 0.05,
        "CI_95": [
          0.0435,
          0.05675000000000001
        ]
      },
      "MRR@10": {
        "mean": 0.09018551587301588,
        "CI_95": [
          0.07649940476190478,
          0.10315114087301587
        ]
      },
      "nDCG@10": {
        "mean": 0.0427500483406077,
        "CI_95": [
          0.03692460800024282,
          0.04910607082827655
        ]
      }
    }
  },
  "retrieval_cross_en": {
    "Recall@1": 0.01,
    "Recall@10": 0.045,
    "MRR@10": 0.08679761904761904,
    "nDCG@10": 0.039332053525352774,
    "n_queries": 400,
    "confidence_intervals": {
      "Recall@1": {
        "mean": 0.01,
        "CI_95": [
          0.0025,
          0.02
        ]
      },
      "Recall@10": {
        "mean": 0.045,
        "CI_95": [
          0.037750000000000006,
          0.051750000000000004
        ]
      },
      "MRR@10": {
        "mean": 0.08679761904761904,
        "CI_95": [
          0.07155801091269842,
          0.10274179067460318
        ]
      },
      "nDCG@10": {
        "mean": 0.039332053525352774,
        "CI_95": [
          0.03361686306232897,
          0.04516281428207314
        ]
      }
    }
  },
  "sts": {
    "Spearman": 0.7992063664054085,
    "pvalue": 2.493461457156751e-163,
    "n_pairs": 731,
    "by_type": {
      "parallel_translation": {
        "spearman": NaN,
        "pvalue": NaN,
        "n": 500
      },
      "same_sentiment": {
        "spearman": 0.3969464992722367,
        "pvalue": 7.651019023405724e-08,
        "n": 171
      },
      "different_sentiment": {
        "spearman": 0.4042219533964834,
        "pvalue": 0.0013595111096748303,
        "n": 60
      }
    },
    "Spearman_CI95": [
      -0.06650090364710555,
      0.07371005320845696
    ]
  },
  "cross_lingual": {
    "min_en": {
      "Accuracy@1": 0.87,
      "MRR": 0.9048787276790149,
      "Recall@5": 0.94,
      "Recall@10": 0.96,
      "n_pairs": 400
    },
    "min_id": {
      "Accuracy@1": 0.945,
      "MRR": 0.9623463623288641,
      "Recall@5": 0.9825,
      "Recall@10": 0.985,
      "n_pairs": 400
    }
  },
  "codeswitch": {
    "avg_cosine_similarity": 0.861778974533081,
    "Spearman": 0.6582122183098953,
    "pvalue": 9.948980251757348e-14,
    "n_examples": 100
  }
}