{
  "model_name": "temp_0.02",
  "retrieval_monolingual": {
    "Recall@1": 0.0,
    "Recall@10": 0.037000000000000005,
    "MRR@10": 0.06821428571428571,
    "nDCG@10": 0.03139043035321012,
    "n_queries": 400,
    "confidence_intervals": {
      "Recall@1": {
        "mean": 0.0,
        "CI_95": [
          0.0,
          0.0
        ]
      },
      "Recall@10": {
        "mean": 0.037000000000000005,
        "CI_95": [
          0.03125,
          0.04275
        ]
      },
      "MRR@10": {
        "mean": 0.06821428571428571,
        "CI_95": [
          0.05719734623015873,
          0.08011292162698412
        ]
      },
      "nDCG@10": {
        "mean": 0.03139043035321012,
        "CI_95": [
          0.026237855429905064,
          0.03641698147032572
        ]
      }
    }
  },
  "retrieval_cross_en": {
    "Recall@1": 0.0175,
    "Recall@10": 0.04125,
    "MRR@10": 0.09362301587301587,
    "nDCG@10": 0.03847946450937835,
    "n_queries": 400,
    "confidence_intervals": {
      "Recall@1": {
        "mean": 0.0175,
        "CI_95": [
          0.005,
          0.0325
        ]
      },
      "Recall@10": {
        "mean": 0.04125,
        "CI_95": [
          0.0355,
          0.04724999999999999
        ]
      },
      "MRR@10": {
        "mean": 0.09362301587301587,
        "CI_95": [
          0.07681961805555555,
          0.11141150793650792
        ]
      },
      "nDCG@10": {
        "mean": 0.03847946450937835,
        "CI_95": [
          0.03255271589201203,
          0.04501137033145317
        ]
      }
    }
  },
  "sts": {
    "Spearman": 0.7759567355447808,
    "pvalue": 4.946247765763029e-148,
    "n_pairs": 731,
    "by_type": {
      "parallel_translation": {
        "spearman": NaN,
        "pvalue": NaN,
        "n": 500
      },
      "same_sentiment": {
        "spearman": 0.49382678257272933,
        "pvalue": 6.727893418597524e-12,
        "n": 171
      },
      "different_sentiment": {
        "spearman": 0.036747450308771225,
        "pvalue": 0.7804360103747304,
        "n": 60
      }
    },
    "Spearman_CI95": [
      -0.06662512863110485,
      0.07306545211666081
    ]
  },
  "cross_lingual": {
    "min_en": {
      "Accuracy@1": 0.74,
      "MRR": 0.7885827291474059,
      "Recall@5": 0.835,
      "Recall@10": 0.89,
      "n_pairs": 400
    },
    "min_id": {
      "Accuracy@1": 0.9275,
      "MRR": 0.9447373977437425,
      "Recall@5": 0.965,
      "Recall@10": 0.98,
      "n_pairs": 400
    }
  },
  "codeswitch": {
    "avg_cosine_similarity": 0.8200585842132568,
    "Spearman": 0.7960903566716523,
    "pvalue": 4.2297324550496604e-23,
    "n_examples": 100
  }
}