{
  "model_name": "epochs_5",
  "retrieval_monolingual": {
    "Recall@1": 0.0,
    "Recall@10": 0.036000000000000004,
    "MRR@10": 0.07432738095238095,
    "nDCG@10": 0.03201004848620921,
    "n_queries": 400,
    "confidence_intervals": {
      "Recall@1": {
        "mean": 0.0,
        "CI_95": [
          0.0,
          0.0
        ]
      },
      "Recall@10": {
        "mean": 0.036000000000000004,
        "CI_95": [
          0.0305,
          0.041749999999999995
        ]
      },
      "MRR@10": {
        "mean": 0.07432738095238095,
        "CI_95": [
          0.06150585317460317,
          0.08645744047619047
        ]
      },
      "nDCG@10": {
        "mean": 0.03201004848620921,
        "CI_95": [
          0.026928957140957933,
          0.037167292565376646
        ]
      }
    }
  },
  "retrieval_cross_en": {
    "Recall@1": 0.01,
    "Recall@10": 0.04,
    "MRR@10": 0.08424603174603174,
    "nDCG@10": 0.03623311488044389,
    "n_queries": 400,
    "confidence_intervals": {
      "Recall@1": {
        "mean": 0.01,
        "CI_95": [
          0.0025,
          0.020062499999999945
        ]
      },
      "Recall@10": {
        "mean": 0.04,
        "CI_95": [
          0.03349375,
          0.04699999999999999
        ]
      },
      "MRR@10": {
        "mean": 0.08424603174603174,
        "CI_95": [
          0.06834211309523809,
          0.10081852678571429
        ]
      },
      "nDCG@10": {
        "mean": 0.03623311488044389,
        "CI_95": [
          0.030865403386757258,
          0.04217987953288105
        ]
      }
    }
  },
  "sts": {
    "Spearman": 0.7895562011777022,
    "pvalue": 9.582608080261028e-157,
    "n_pairs": 731,
    "by_type": {
      "parallel_translation": {
        "spearman": NaN,
        "pvalue": NaN,
        "n": 500
      },
      "same_sentiment": {
        "spearman": 0.45185778883754063,
        "pvalue": 5.521036798910209e-10,
        "n": 171
      },
      "different_sentiment": {
        "spearman": 0.24702452707562877,
        "pvalue": 0.05706713575424237,
        "n": 60
      }
    },
    "Spearman_CI95": [
      -0.06781062810186889,
      0.07266028159479403
    ]
  },
  "cross_lingual": {
    "min_en": {
      "Accuracy@1": 0.84,
      "MRR": 0.8806380558671729,
      "Recall@5": 0.9325,
      "Recall@10": 0.95,
      "n_pairs": 400
    },
    "min_id": {
      "Accuracy@1": 0.9625,
      "MRR": 0.9706270417102304,
      "Recall@5": 0.98,
      "Recall@10": 0.9825,
      "n_pairs": 400
    }
  },
  "codeswitch": {
    "avg_cosine_similarity": 0.7367241382598877,
    "Spearman": 0.8224188454040481,
    "pvalue": 9.55609432874872e-26,
    "n_examples": 100
  }
}