{
  "model_name": "baseline",
  "retrieval_monolingual": {
    "Recall@1": 0.0,
    "Recall@10": 0.04,
    "MRR@10": 0.08089880952380951,
    "nDCG@10": 0.03520870755704287,
    "n_queries": 400,
    "confidence_intervals": {
      "Recall@1": {
        "mean": 0.0,
        "CI_95": [
          0.0,
          0.0
        ]
      },
      "Recall@10": {
        "mean": 0.04,
        "CI_95": [
          0.03425,
          0.04575
        ]
      },
      "MRR@10": {
        "mean": 0.08089880952380951,
        "CI_95": [
          0.06755868055555556,
          0.0944813740079365
        ]
      },
      "nDCG@10": {
        "mean": 0.03520870755704287,
        "CI_95": [
          0.030091672007800645,
          0.040198125793367054
        ]
      }
    }
  },
  "retrieval_cross_en": {
    "Recall@1": 0.01,
    "Recall@10": 0.051000000000000004,
    "MRR@10": 0.09375992063492063,
    "nDCG@10": 0.04424628533293537,
    "n_queries": 400,
    "confidence_intervals": {
      "Recall@1": {
        "mean": 0.01,
        "CI_95": [
          0.0025,
          0.02
        ]
      },
      "Recall@10": {
        "mean": 0.051000000000000004,
        "CI_95": [
          0.044250000000000005,
          0.058499999999999996
        ]
      },
      "MRR@10": {
        "mean": 0.09375992063492063,
        "CI_95": [
          0.07916307043650793,
          0.10908958333333331
        ]
      },
      "nDCG@10": {
        "mean": 0.04424628533293537,
        "CI_95": [
          0.03813872584867048,
          0.05104588160537157
        ]
      }
    }
  },
  "sts": {
    "Spearman": 0.49426769270966514,
    "pvalue": 2.709537152612454e-46,
    "n_pairs": 731,
    "by_type": {
      "parallel_translation": {
        "spearman": NaN,
        "pvalue": NaN,
        "n": 500
      },
      "same_sentiment": {
        "spearman": 0.6647184935902641,
        "pvalue": 3.6473196080725984e-23,
        "n": 171
      },
      "different_sentiment": {
        "spearman": -0.4287202536023309,
        "pvalue": 0.0006316721257607174,
        "n": 60
      }
    },
    "Spearman_CI95": [
      -0.06995985862530564,
      0.0656936228825931
    ]
  },
  "cross_lingual": {
    "min_en": {
      "Accuracy@1": 0.7025,
      "MRR": 0.7376613901198297,
      "Recall@5": 0.77,
      "Recall@10": 0.8,
      "n_pairs": 400
    },
    "min_id": {
      "Accuracy@1": 0.93,
      "MRR": 0.9394253686162806,
      "Recall@5": 0.9525,
      "Recall@10": 0.9575,
      "n_pairs": 400
    }
  },
  "codeswitch": {
    "avg_cosine_similarity": 0.7255309224128723,
    "Spearman": 0.7808475474055284,
    "pvalue": 9.709481021580588e-22,
    "n_examples": 100
  }
}