{
  "model_name": "jina-v5-nano-retrieval-baseline",
  "retrieval_monolingual": {
    "Recall@1": 0.0,
    "Recall@10": 0.0395,
    "MRR@10": 0.06518948412698412,
    "nDCG@10": 0.03225758113315105,
    "n_queries": 400,
    "confidence_intervals": {
      "Recall@1": {
        "mean": 0.0,
        "CI_95": [
          0.0,
          0.0
        ]
      },
      "Recall@10": {
        "mean": 0.0395,
        "CI_95": [
          0.0335,
          0.04550624999999999
        ]
      },
      "MRR@10": {
        "mean": 0.06518948412698412,
        "CI_95": [
          0.05454575892857143,
          0.07609184027777777
        ]
      },
      "nDCG@10": {
        "mean": 0.03225758113315105,
        "CI_95": [
          0.027192158816095564,
          0.03697908083620853
        ]
      }
    }
  },
  "retrieval_cross_en": {
    "Recall@1": 0.01,
    "Recall@10": 0.044250000000000005,
    "MRR@10": 0.0786061507936508,
    "nDCG@10": 0.03746459243954632,
    "n_queries": 400,
    "confidence_intervals": {
      "Recall@1": {
        "mean": 0.01,
        "CI_95": [
          0.0025,
          0.02
        ]
      },
      "Recall@10": {
        "mean": 0.044250000000000005,
        "CI_95": [
          0.03825,
          0.05125
        ]
      },
      "MRR@10": {
        "mean": 0.0786061507936508,
        "CI_95": [
          0.06399742063492064,
          0.09315354662698412
        ]
      },
      "nDCG@10": {
        "mean": 0.03746459243954632,
        "CI_95": [
          0.031763283244967654,
          0.044005805265378166
        ]
      }
    }
  },
  "sts": {
    "Spearman": 0.49426769270966514,
    "pvalue": 2.709537152612454e-46,
    "n_pairs": 731,
    "by_type": {
      "parallel_translation": {
        "spearman": NaN,
        "pvalue": NaN,
        "n": 500
      },
      "same_sentiment": {
        "spearman": 0.6647184935902641,
        "pvalue": 3.6473196080725984e-23,
        "n": 171
      },
      "different_sentiment": {
        "spearman": -0.4287202536023309,
        "pvalue": 0.0006316721257607174,
        "n": 60
      }
    },
    "Spearman_CI95": [
      -0.06995985862530564,
      0.0656936228825931
    ]
  },
  "cross_lingual": {
    "min_en": {
      "Accuracy@1": 0.7025,
      "MRR": 0.7376613901198297,
      "Recall@5": 0.77,
      "Recall@10": 0.8,
      "n_pairs": 400
    },
    "min_id": {
      "Accuracy@1": 0.93,
      "MRR": 0.9394253686162806,
      "Recall@5": 0.9525,
      "Recall@10": 0.9575,
      "n_pairs": 400
    }
  },
  "codeswitch": {
    "avg_cosine_similarity": 0.7255309224128723,
    "Spearman": 0.7808475474055284,
    "pvalue": 9.709481021580588e-22,
    "n_examples": 100
  }
}