{
  "model_name": "jinaai/jina-embeddings-v5-text-nano",
  "retrieval_monolingual": {
    "Recall@1": 0.0,
    "Recall@10": 0.03925,
    "MRR@10": 0.06477281746031745,
    "nDCG@10": 0.032066696515381875,
    "n_queries": 400,
    "confidence_intervals": {
      "Recall@1": {
        "mean": 0.0,
        "CI_95": [
          0.0,
          0.0
        ]
      },
      "Recall@10": {
        "mean": 0.03925,
        "CI_95": [
          0.03325,
          0.04500624999999999
        ]
      },
      "MRR@10": {
        "mean": 0.06477281746031745,
        "CI_95": [
          0.054281994047619055,
          0.07570877976190475
        ]
      },
      "nDCG@10": {
        "mean": 0.032066696515381875,
        "CI_95": [
          0.02705661276783096,
          0.03667690967153884
        ]
      }
    }
  },
  "retrieval_cross_en": {
    "Recall@1": 0.01,
    "Recall@10": 0.044000000000000004,
    "MRR@10": 0.07824801587301587,
    "nDCG@10": 0.037162480388627385,
    "n_queries": 400,
    "confidence_intervals": {
      "Recall@1": {
        "mean": 0.01,
        "CI_95": [
          0.0025,
          0.02
        ]
      },
      "Recall@10": {
        "mean": 0.044000000000000004,
        "CI_95": [
          0.038,
          0.051
        ]
      },
      "MRR@10": {
        "mean": 0.07824801587301587,
        "CI_95": [
          0.06369335317460317,
          0.09309151785714287
        ]
      },
      "nDCG@10": {
        "mean": 0.037162480388627385,
        "CI_95": [
          0.03146300173128169,
          0.04352553693759195
        ]
      }
    }
  },
  "sts": {
    "Spearman": 0.7508476764550626,
    "pvalue": 1.8617312956432267e-133,
    "n_pairs": 731,
    "by_type": {
      "parallel_translation": {
        "spearman": NaN,
        "pvalue": NaN,
        "n": 500
      },
      "same_sentiment": {
        "spearman": 0.6370742462197806,
        "pvalue": 7.462813870159567e-21,
        "n": 171
      },
      "different_sentiment": {
        "spearman": -0.32256095271032514,
        "pvalue": 0.01195169611064503,
        "n": 60
      }
    },
    "Spearman_CI95": [
      -0.07257107216098918,
      0.06875735495349614
    ]
  },
  "cross_lingual": {
    "min_en": {
      "Accuracy@1": 0.8625,
      "MRR": 0.8901691292398042,
      "Recall@5": 0.9175,
      "Recall@10": 0.9375,
      "n_pairs": 400
    },
    "min_id": {
      "Accuracy@1": 0.9375,
      "MRR": 0.9569647435897436,
      "Recall@5": 0.9775,
      "Recall@10": 0.985,
      "n_pairs": 400
    }
  },
  "codeswitch": {
    "avg_cosine_similarity": 0.900654673576355,
    "Spearman": 0.8348902348036039,
    "pvalue": 3.7109184594454604e-27,
    "n_examples": 100
  }
}