{
  "model_name": "answerdotai/ModernBERT-base",
  "retrieval_monolingual": {
    "Recall@1": 0.0,
    "Recall@10": 0.03475,
    "MRR@10": 0.06378472222222221,
    "nDCG@10": 0.02974116037382159,
    "n_queries": 400,
    "confidence_intervals": {
      "Recall@1": {
        "mean": 0.0,
        "CI_95": [
          0.0,
          0.0
        ]
      },
      "Recall@10": {
        "mean": 0.03475,
        "CI_95": [
          0.029249999999999998,
          0.0405
        ]
      },
      "MRR@10": {
        "mean": 0.06378472222222221,
        "CI_95": [
          0.05227333829365081,
          0.07522038690476189
        ]
      },
      "nDCG@10": {
        "mean": 0.02974116037382159,
        "CI_95": [
          0.02448387340676754,
          0.035017220783664635
        ]
      }
    }
  },
  "retrieval_cross_en": {
    "Recall@1": 0.0,
    "Recall@10": 0.029249999999999998,
    "MRR@10": 0.04807142857142857,
    "nDCG@10": 0.02399932395027121,
    "n_queries": 400,
    "confidence_intervals": {
      "Recall@1": {
        "mean": 0.0,
        "CI_95": [
          0.0,
          0.0
        ]
      },
      "Recall@10": {
        "mean": 0.029249999999999998,
        "CI_95": [
          0.0235,
          0.035250000000000004
        ]
      },
      "MRR@10": {
        "mean": 0.04807142857142857,
        "CI_95": [
          0.03912695932539682,
          0.05803767361111111
        ]
      },
      "nDCG@10": {
        "mean": 0.02399932395027121,
        "CI_95": [
          0.019611551179389605,
          0.02871411370381625
        ]
      }
    }
  },
  "sts": {
    "Spearman": -0.7599609260087258,
    "pvalue": 1.5410745382926423e-138,
    "n_pairs": 731,
    "by_type": {
      "parallel_translation": {
        "spearman": NaN,
        "pvalue": NaN,
        "n": 500
      },
      "same_sentiment": {
        "spearman": 0.5498692113328915,
        "pvalue": 6.737080352275533e-15,
        "n": 171
      },
      "different_sentiment": {
        "spearman": -0.3205194276931712,
        "pvalue": 0.012533380704436568,
        "n": 60
      }
    },
    "Spearman_CI95": [
      -0.07371489271866082,
      0.07731932551560024
    ]
  },
  "cross_lingual": {
    "min_en": {
      "Accuracy@1": 0.0075,
      "MRR": 0.032045016693087874,
      "Recall@5": 0.04,
      "Recall@10": 0.07,
      "n_pairs": 400
    },
    "min_id": {
      "Accuracy@1": 0.6925,
      "MRR": 0.7527218797769248,
      "Recall@5": 0.8175,
      "Recall@10": 0.8675,
      "n_pairs": 400
    }
  },
  "codeswitch": {
    "avg_cosine_similarity": 0.9130294322967529,
    "Spearman": 0.8661206823000983,
    "pvalue": 2.8262693912971714e-31,
    "n_examples": 100
  }
}