{
  "model_name": "intfloat/multilingual-e5-small",
  "retrieval_monolingual": {
    "Recall@1": 0.0,
    "Recall@10": 0.03525,
    "MRR@10": 0.06758333333333333,
    "nDCG@10": 0.030336675972179244,
    "n_queries": 400,
    "confidence_intervals": {
      "Recall@1": {
        "mean": 0.0,
        "CI_95": [
          0.0,
          0.0
        ]
      },
      "Recall@10": {
        "mean": 0.03525,
        "CI_95": [
          0.029500000000000002,
          0.04100624999999999
        ]
      },
      "MRR@10": {
        "mean": 0.06758333333333333,
        "CI_95": [
          0.05603524305555556,
          0.08087056051587302
        ]
      },
      "nDCG@10": {
        "mean": 0.030336675972179244,
        "CI_95": [
          0.0252776458916094,
          0.03549083649629053
        ]
      }
    }
  },
  "retrieval_cross_en": {
    "Recall@1": 0.06,
    "Recall@10": 0.0625,
    "MRR@10": 0.18731547619047617,
    "nDCG@10": 0.06598293727065811,
    "n_queries": 400,
    "confidence_intervals": {
      "Recall@1": {
        "mean": 0.06,
        "CI_95": [
          0.0375,
          0.0825
        ]
      },
      "Recall@10": {
        "mean": 0.0625,
        "CI_95": [
          0.055999999999999994,
          0.06849999999999999
        ]
      },
      "MRR@10": {
        "mean": 0.18731547619047617,
        "CI_95": [
          0.16217713293650793,
          0.2126226686507936
        ]
      },
      "nDCG@10": {
        "mean": 0.06598293727065811,
        "CI_95": [
          0.058839786052250036,
          0.07348533604637389
        ]
      }
    }
  },
  "sts": {
    "Spearman": 0.4233864424948741,
    "pvalue": 3.712861312920982e-33,
    "n_pairs": 731,
    "by_type": {
      "parallel_translation": {
        "spearman": NaN,
        "pvalue": NaN,
        "n": 500
      },
      "same_sentiment": {
        "spearman": 0.6013880359778836,
        "pvalue": 3.3907011858439253e-18,
        "n": 171
      },
      "different_sentiment": {
        "spearman": -0.41442957848225326,
        "pvalue": 0.0009947395001886842,
        "n": 60
      }
    },
    "Spearman_CI95": [
      -0.06927732459394519,
      0.07053035862108918
    ]
  },
  "cross_lingual": {
    "min_en": {
      "Accuracy@1": 0.79,
      "MRR": 0.8299019615366627,
      "Recall@5": 0.8825,
      "Recall@10": 0.905,
      "n_pairs": 400
    },
    "min_id": {
      "Accuracy@1": 0.92,
      "MRR": 0.9354299502592656,
      "Recall@5": 0.9575,
      "Recall@10": 0.9775,
      "n_pairs": 400
    }
  },
  "codeswitch": {
    "avg_cosine_similarity": 0.9320641160011292,
    "Spearman": 0.8647738134691771,
    "pvalue": 4.461955502303803e-31,
    "n_examples": 100
  }
}