{
  "model_name": "LazarusNLP/all-NusaBERT-base-v4",
  "retrieval_monolingual": {
    "Recall@1": 0.0,
    "Recall@10": 0.04800000000000001,
    "MRR@10": 0.08787698412698411,
    "nDCG@10": 0.04158865450921136,
    "n_queries": 400,
    "confidence_intervals": {
      "Recall@1": {
        "mean": 0.0,
        "CI_95": [
          0.0,
          0.0
        ]
      },
      "Recall@10": {
        "mean": 0.04800000000000001,
        "CI_95": [
          0.0415,
          0.055
        ]
      },
      "MRR@10": {
        "mean": 0.08787698412698411,
        "CI_95": [
          0.07419149305555556,
          0.10141433531746032
        ]
      },
      "nDCG@10": {
        "mean": 0.04158865450921136,
        "CI_95": [
          0.03518875010018708,
          0.04768321375467703
        ]
      }
    }
  },
  "retrieval_cross_en": {
    "Recall@1": 0.035,
    "Recall@10": 0.057,
    "MRR@10": 0.12082738095238094,
    "nDCG@10": 0.053713691211558515,
    "n_queries": 400,
    "confidence_intervals": {
      "Recall@1": {
        "mean": 0.035,
        "CI_95": [
          0.0175,
          0.055
        ]
      },
      "Recall@10": {
        "mean": 0.057,
        "CI_95": [
          0.04925000000000001,
          0.0655
        ]
      },
      "MRR@10": {
        "mean": 0.12082738095238094,
        "CI_95": [
          0.1006407242063492,
          0.14348187003968252
        ]
      },
      "nDCG@10": {
        "mean": 0.053713691211558515,
        "CI_95": [
          0.045951014678089,
          0.06202173942313942
        ]
      }
    }
  },
  "sts": {
    "Spearman": 0.3872720755607396,
    "pvalue": 1.4324947554442295e-27,
    "n_pairs": 731,
    "by_type": {
      "parallel_translation": {
        "spearman": NaN,
        "pvalue": NaN,
        "n": 500
      },
      "same_sentiment": {
        "spearman": 0.6780379945960426,
        "pvalue": 2.282477846228524e-24,
        "n": 171
      },
      "different_sentiment": {
        "spearman": -0.33889315284755683,
        "pvalue": 0.008079866424091742,
        "n": 60
      }
    },
    "Spearman_CI95": [
      -0.0727299959669052,
      0.07176765445423683
    ]
  },
  "cross_lingual": {
    "min_en": {
      "Accuracy@1": 0.6775,
      "MRR": 0.7409380598251458,
      "Recall@5": 0.8175,
      "Recall@10": 0.8775,
      "n_pairs": 400
    },
    "min_id": {
      "Accuracy@1": 0.91,
      "MRR": 0.9357048058002883,
      "Recall@5": 0.9675,
      "Recall@10": 0.98,
      "n_pairs": 400
    }
  },
  "codeswitch": {
    "avg_cosine_similarity": 0.7300907373428345,
    "Spearman": 0.863387957998874,
    "pvalue": 7.10171696703669e-31,
    "n_examples": 100
  }
}