{
  "model_name": "LazarusNLP/all-indo-e5-small-v4",
  "retrieval_monolingual": {
    "Recall@1": 0.0,
    "Recall@10": 0.03225,
    "MRR@10": 0.05841071428571429,
    "nDCG@10": 0.027315287532246595,
    "n_queries": 400,
    "confidence_intervals": {
      "Recall@1": {
        "mean": 0.0,
        "CI_95": [
          0.0,
          0.0
        ]
      },
      "Recall@10": {
        "mean": 0.03225,
        "CI_95": [
          0.02675,
          0.03825
        ]
      },
      "MRR@10": {
        "mean": 0.05841071428571429,
        "CI_95": [
          0.04662318948412698,
          0.06964206349206349
        ]
      },
      "nDCG@10": {
        "mean": 0.027315287532246595,
        "CI_95": [
          0.02240782358289235,
          0.03258332265855888
        ]
      }
    }
  },
  "retrieval_cross_en": {
    "Recall@1": 0.025,
    "Recall@10": 0.034499999999999996,
    "MRR@10": 0.08452182539682539,
    "nDCG@10": 0.03293252309505262,
    "n_queries": 400,
    "confidence_intervals": {
      "Recall@1": {
        "mean": 0.025,
        "CI_95": [
          0.01,
          0.04
        ]
      },
      "Recall@10": {
        "mean": 0.034499999999999996,
        "CI_95": [
          0.029243750000000002,
          0.04
        ]
      },
      "MRR@10": {
        "mean": 0.08452182539682539,
        "CI_95": [
          0.06673077876984128,
          0.10312996031746031
        ]
      },
      "nDCG@10": {
        "mean": 0.03293252309505262,
        "CI_95": [
          0.02718370012941319,
          0.038525264138491264
        ]
      }
    }
  },
  "sts": {
    "Spearman": 0.6916903541633702,
    "pvalue": 3.878207444189861e-105,
    "n_pairs": 731,
    "by_type": {
      "parallel_translation": {
        "spearman": NaN,
        "pvalue": NaN,
        "n": 500
      },
      "same_sentiment": {
        "spearman": 0.6059116400930536,
        "pvalue": 1.6285821128724003e-18,
        "n": 171
      },
      "different_sentiment": {
        "spearman": -0.48588295408264165,
        "pvalue": 8.302741549377083e-05,
        "n": 60
      }
    },
    "Spearman_CI95": [
      -0.06758526728465132,
      0.06814132905330024
    ]
  },
  "cross_lingual": {
    "min_en": {
      "Accuracy@1": 0.765,
      "MRR": 0.8185363704675642,
      "Recall@5": 0.875,
      "Recall@10": 0.9175,
      "n_pairs": 400
    },
    "min_id": {
      "Accuracy@1": 0.9525,
      "MRR": 0.9652025932400933,
      "Recall@5": 0.9875,
      "Recall@10": 0.9925,
      "n_pairs": 400
    }
  },
  "codeswitch": {
    "avg_cosine_similarity": 0.7426540851593018,
    "Spearman": 0.8564586806473581,
    "pvalue": 6.735930515398138e-30,
    "n_examples": 100
  }
}