{
  "model_name": "minang-embedder-finetuned",
  "retrieval_monolingual": {
    "Recall@1": 0.0,
    "Recall@10": 0.040999999999999995,
    "MRR@10": 0.07598015873015873,
    "nDCG@10": 0.035202696361755034,
    "n_queries": 400,
    "confidence_intervals": {
      "Recall@1": {
        "mean": 0.0,
        "CI_95": [
          0.0,
          0.0
        ]
      },
      "Recall@10": {
        "mean": 0.040999999999999995,
        "CI_95": [
          0.03475,
          0.04724999999999999
        ]
      },
      "MRR@10": {
        "mean": 0.07598015873015873,
        "CI_95": [
          0.06376959325396825,
          0.08828246527777778
        ]
      },
      "nDCG@10": {
        "mean": 0.035202696361755034,
        "CI_95": [
          0.03004962034270521,
          0.04093103363729115
        ]
      }
    }
  },
  "retrieval_cross_en": {
    "Recall@1": 0.0175,
    "Recall@10": 0.045500000000000006,
    "MRR@10": 0.09251488095238095,
    "nDCG@10": 0.041013522907083634,
    "n_queries": 400,
    "confidence_intervals": {
      "Recall@1": {
        "mean": 0.0175,
        "CI_95": [
          0.0075,
          0.03
        ]
      },
      "Recall@10": {
        "mean": 0.045500000000000006,
        "CI_95": [
          0.03849375000000001,
          0.05250624999999999
        ]
      },
      "MRR@10": {
        "mean": 0.09251488095238095,
        "CI_95": [
          0.07578194444444444,
          0.11030543154761904
        ]
      },
      "nDCG@10": {
        "mean": 0.041013522907083634,
        "CI_95": [
          0.03517466108485771,
          0.048051587397919635
        ]
      }
    }
  },
  "sts": {
    "Spearman": 0.7974851829791335,
    "pvalue": 3.957119715688963e-162,
    "n_pairs": 731,
    "by_type": {
      "parallel_translation": {
        "spearman": NaN,
        "pvalue": NaN,
        "n": 500
      },
      "same_sentiment": {
        "spearman": 0.3365058839007046,
        "pvalue": 6.793735038569458e-06,
        "n": 171
      },
      "different_sentiment": {
        "spearman": 0.3715575531220201,
        "pvalue": 0.0034672727182708946,
        "n": 60
      }
    },
    "Spearman_CI95": [
      -0.06943445228080389,
      0.0710921905548123
    ]
  },
  "cross_lingual": {
    "min_en": {
      "Accuracy@1": 0.7825,
      "MRR": 0.829801052848493,
      "Recall@5": 0.89,
      "Recall@10": 0.92,
      "n_pairs": 400
    },
    "min_id": {
      "Accuracy@1": 0.9075,
      "MRR": 0.9301663244276049,
      "Recall@5": 0.96,
      "Recall@10": 0.975,
      "n_pairs": 400
    }
  },
  "codeswitch": {
    "avg_cosine_similarity": 0.6736049652099609,
    "Spearman": 0.7863903871386644,
    "pvalue": 3.2003796899068075e-22,
    "n_examples": 100
  }
}